{
  "classes": [
    0,
    1,
    2,
    3,
    4
  ],
  "coef": [
    [
      -0.08107326924800873,
      -0.9532850980758667,
      -0.08083373308181763,
      -0.0809844583272934,
      1.2257684469223022,
      3.043198585510254,
      -0.6328534483909607,
      -0.6343107223510742,
      -1.1124247312545776,
      -0.6340102553367615
    ],
    [
      0.0566575713455677,
      2.0532267093658447,
      0.05649413913488388,
      0.056596990674734116,
      -2.196780204772949,
      -0.14296096563339233,
      0.13100400567054749,
      0.13096873462200165,
      -0.2237498015165329,
      0.1309693455696106
    ],
    [
      -0.0789620652794838,
      -0.9422999024391174,
      -0.07872867584228516,
      -0.07887589931488037,
      1.2078999280929565,
      -3.097149610519409,
      2.074535846710205,
      2.073988914489746,
      -3.096362829208374,
      2.07399582862854
    ],
    [
      -0.0057870312593877316,
      -0.16233977675437927,
      -0.005774075631052256,
      -0.005782277323305607,
      0.12584209442138672,
      0.5181975960731506,
      -1.8038004636764526,
      -1.8017046451568604,
      4.835495948791504,
      -1.802012324333191
    ],
    [
      0.10916430503129959,
      0.004686284344643354,
      0.10884340107440948,
      0.10904587060213089,
      -0.3627871870994568,
      -0.32129013538360596,
      0.2311156988143921,
      0.23105233907699585,
      -0.40298062562942505,
      0.23105333745479584
    ]
  ],
  "intercept": [
    1.6491378545761108,
    -0.5133981704711914,
    1.6270663738250732,
    -1.0478447675704956,
    -1.7150357961654663
  ],
  "labels": [
    "neo_candidate",
    "known_object",
    "main_belt_asteroid",
    "stellar_artifact",
    "other_solar_system"
  ],
  "n_features": 10
}